{
    "authors": "W. N. Francis and H. Kucera (1964)",
    "description": "A Standard Corpus of Present-Day Edited American English, for use with Digital Computers.",
    "readme": "BROWN CORPUS\n\nA Standard Corpus of Present-Day Edited American\nEnglish, for use with Digital Computers.\n\nby W. N. Francis and H. Kucera (1964)\nDepartment of Linguistics, Brown University\nProvidence, Rhode Island, USA\n\nRevised 1971, Revised and Amplified 1979\n\nhttp://www.hit.uib.no/icame/brown/bcm.html\n\nDistributed with the permission of the copyright holder,\nredistribution permitted.",
    "title": "Brown Corpus",
    "url": "http://www.hit.uib.no/icame/brown/bcm.html"
}